{
  "camera_index": 0,
  "sensor": "imx219",
  "camera_matrix": [
    [
      1727.6674651860103,
      0.0,
      613.8994204590407
    ],
    [
      0.0,
      1464.6847781419128,
      154.1412998695611
    ],
    [
      0.0,
      0.0,
      1.0
    ]
  ],
  "distortion_coefficients": [
    [
      5.825548417110603,
      -49.974708719666694,
      -0.0907781847220695,
      -0.20013240369820837,
      170.6523308168526
    ]
  ],
  "image_width": 1280,
  "image_height": 720,
  "frames_used": 13,
  "frames_captured": 15,
  "total_points_used": 300,
  "reprojection_error": 3.3598381923188665,
  "opencv_version": "4.12.0",
  "calibration_method": "charuco_extended_proper",
  "calibrated_at": "2026-01-05T20:54:38.363573"
}