{
  "camera_index": 0,
  "sensor": "imx219",
  "camera_matrix": [
    [
      1656.9787241138622,
      0.0,
      694.4751195877477
    ],
    [
      0.0,
      1735.5473255007284,
      429.13772094055156
    ],
    [
      0.0,
      0.0,
      1.0
    ]
  ],
  "distortion_coefficients": [
    [
      0.0634277064042633,
      2.1703759147221526,
      0.0877037615277036,
      -0.007326580185225109,
      -9.237384326518887
    ]
  ],
  "image_width": 1280,
  "image_height": 720,
  "frames_used": 12,
  "frames_captured": 15,
  "total_points_used": 211,
  "reprojection_error": 0.5658625069197902,
  "opencv_version": "4.12.0",
  "calibration_method": "charuco_extended_proper",
  "calibrated_at": "2026-01-05T21:08:15.422285"
}