{
  "camera_index": 0,
  "sensor": "imx219",
  "camera_matrix": [
    [
      3264.0035976381014,
      0.0,
      750.7916194425272
    ],
    [
      0.0,
      3470.5632544949904,
      423.23727109307873
    ],
    [
      0.0,
      0.0,
      1.0
    ]
  ],
  "distortion_coefficients": [
    [
      0.16422209764652998,
      28.00509577919558,
      0.14088412678696902,
      0.08038984450910044,
      -110.433240083892
    ]
  ],
  "image_width": 1280,
  "image_height": 720,
  "frames_used": 10,
  "frames_captured": 14,
  "total_points_used": 135,
  "reprojection_error": 0.9324935121646913,
  "opencv_version": "4.12.0",
  "calibration_method": "charuco_extended_proper",
  "calibrated_at": "2026-01-05T20:58:16.261567"
}