{
  "camera_index": 0,
  "sensor": "imx219",
  "camera_matrix": [
    [
      1534.9645367144553,
      0.0,
      585.2636932858264
    ],
    [
      0.0,
      1557.0149706611217,
      592.9743219983498
    ],
    [
      0.0,
      0.0,
      1.0
    ]
  ],
  "distortion_coefficients": [
    [
      0.06614436296109195,
      -1.9506384017475766,
      0.03343755825580643,
      0.002058007463159218,
      4.802486534714728
    ]
  ],
  "image_width": 1280,
  "image_height": 720,
  "frames_used": 12,
  "frames_captured": 15,
  "total_points_used": 247,
  "reprojection_error": 0.6920382104340562,
  "opencv_version": "4.12.0",
  "calibration_method": "charuco_extended_proper",
  "calibrated_at": "2026-01-05T21:00:47.788567"
}