{
  "camera_index": 0,
  "sensor": null,
  "camera_matrix": [
    [
      1024.113929101464,
      0.0,
      640.1051096670684
    ],
    [
      0.0,
      1027.7381898975646,
      360.5545187594476
    ],
    [
      0.0,
      0.0,
      1.0
    ]
  ],
  "distortion_coefficients": [
    0.000615237167570727,
    -0.0009941805740446758,
    -0.0007981145748122724,
    -0.0003130140750245322,
    0.002513566621329982
  ],
  "image_width": 1280,
  "image_height": 720,
  "frames_used": 14,
  "reprojection_error": 144.61304003035224,
  "opencv_version": "4.12.0",
  "calibration_method": "charuco_manual",
  "calibrated_at": "2026-01-02T23:05:04.191127"
}